timestamp,open_price,high_price,low_price,close_price,volume,turnover
1687273204,1097.89,1108.58,1094.25,1094.57,0,0.0
1687359600,1094.57,1105.22,1093.61,1096.23,0,0.0
1687446000,1096.23,1111.48,1089.1,1089.1,0,0.0
1687532400,1089.1,1102.77,1078.16,1083.43,0,0.0
1687618801,1083.43,1102.07,1072.76,1076.18,0,0.0
1687705200,1076.18,1096.78,1072.09,1080.34,0,0.0
1687791600,1080.34,1087.54,1064.21,1081.74,0,0.0
1687878000,1081.74,1079.7,1060.27,1060.93,0,0.0
1687964400,1060.93,1072.38,1048.23,1064.85,0,0.0
1688050800,1064.85,1061.74,1041.84,1060.22,0,0.0
1688137200,1060.22,1057.54,1031.34,1042.1,0,0.0
1688223600,1042.1,1048.18,1030.45,1042.04,0,0.0
1688310000,1042.04,1054.44,1032.06,1043.59,0,0.0
1688396401,1043.59,1060.88,1043.6,1047.86,0,0.0
1688482802,1047.86,1064.22,1044.87,1054.78,0,0.0
1688569202,1054.78,1066.82,1051.38,1062.88,0,0.0
1688655602,1062.88,1066.62,1047.38,1050.43,0,0.0
1688742000,1050.43,1065.59,1044.71,1052.99,0,0.0
1688828418,1052.99,1067.55,1044.61,1044.61,0,0.0
1688914803,1044.61,1085.76,1030.08,1055.15,0,0.0
1689001203,1055.15,1060.06,1032.63,1039.65,0,0.0
1689087600,1039.65,1056.67,1025.42,1036.21,0,0.0
1689174000,1036.21,1049.66,1021.9,1029.48,0,0.0
1689260403,1029.48,1045.24,1014.88,1034.16,0,0.0
1689346800,1034.16,1035.33,1012.61,1012.61,0,0.0
1689433201,1012.61,1034.51,1015.28,1024.12,0,0.0
1689519600,1024.12,1036.63,1015.05,1020.55,0,0.0
1689606004,1020.55,1032.01,1008.58,1022.37,0,0.0
1689692400,1022.37,1029.24,1008.28,1023.01,0,0.0
1689778800,1023.01,1026.36,1004.15,1010.85,0,0.0
1689865200,1010.85,1024.09,1003.06,1017.75,0,0.0
1689951600,1017.75,1021.28,1001.0,1001.0,0,0.0
1690038000,1001.0,1025.32,1004.78,1014.24,0,0.0
1690124401,1014.24,1025.94,1005.04,1020.02,0,0.0
1690210801,1020.02,1027.85,1007.46,1020.39,0,0.0
1690297200,1020.39,1026.17,1006.02,1024.57,0,0.0
1690383603,1024.57,1035.79,1006.28,1015.69,0,0.0
1690470000,1015.69,1036.68,1008.27,1029.47,0,0.0
1690556400,1029.47,1044.73,1011.32,1031.86,0,0.0
1690642800,1031.86,1046.82,1015.28,1033.33,0,0.0
1690729200,1033.33,1054.03,1029.68,1050.31,0,0.0
1690815601,1050.31,1059.24,1033.8,1040.33,0,0.0
1690902000,1040.33,1073.39,1041.47,1053.31,0,0.0
1690988400,1053.31,1081.24,1050.93,1051.79,0,0.0
1691074800,1051.79,1083.39,1051.03,1062.77,0,0.0
1691161200,1062.77,1083.62,1054.02,1067.0,0,0.0
1691247600,1067.0,1081.93,1050.4,1081.17,0,0.0
1691334007,1081.17,1084.4,1051.13,1078.47,0,0.0
1691420401,1078.47,1082.74,1051.7,1057.71,0,0.0
1691506800,1057.71,1081.13,1043.81,1075.77,0,0.0
1691593206,1075.77,1078.48,1044.73,1044.73,0,0.0
1691679601,1044.73,1075.75,1048.25,1065.7,0,0.0
1691766003,1065.7,1080.42,1049.72,1066.68,0,0.0
1691852402,1066.68,1085.71,1055.28,1084.21,0,0.0
1691938800,1084.21,1084.21,1058.0,1073.56,0,0.0
1692025210,1073.56,1084.78,1068.64,1075.15,0,0.0
1692111600,1075.15,1089.0,1063.31,1078.75,0,0.0
1692198000,1078.75,1091.59,1070.68,1080.54,0,0.0
1692284400,1080.54,1093.65,1072.29,1086.43,0,0.0
1692370800,1086.43,1097.94,1075.9,1093.99,0,0.0
1692457200,1093.99,1104.41,1080.77,1087.03,0,0.0
1692543601,1087.03,1105.71,1087.64,1105.04,0,0.0
1692630000,1105.04,1107.87,1090.09,1098.6,0,0.0
1692716400,1098.6,1120.4,1090.9,1115.54,0,0.0
1692802801,1115.54,1116.92,1083.47,1093.9,0,0.0
1692889200,1093.9,1113.13,1083.6,1103.62,0,0.0
1692975600,1103.62,1112.34,1089.54,1102.05,0,0.0
1693062000,1102.05,1106.77,1072.71,1103.68,0,0.0
1693148401,1103.68,1111.96,1086.26,1087.18,0,0.0
1693234800,1087.18,1114.96,1091.97,1110.23,0,0.0
1693321200,1110.23,1118.9,1089.36,1105.58,0,0.0
1693407600,1105.58,1122.16,1092.71,1117.38,0,0.0
1693494000,1117.38,1123.72,1095.51,1113.46,0,0.0
1693580401,1113.46,1121.38,1093.73,1117.87,0,0.0
1693666802,1117.87,1131.23,1102.49,1120.37,0,0.0
1693753200,1120.37,1139.99,1111.51,1118.77,0,0.0
1693839601,1118.77,1135.42,1104.22,1130.6,0,0.0
1693926001,1130.6,1135.67,1105.02,1116.26,0,0.0
1694012400,1116.26,1131.26,1104.49,1124.92,0,0.0
1694098801,1124.92,1134.35,1104.9,1105.86,0,0.0
1694185200,1105.86,1128.13,1102.51,1116.7,0,0.0
1694271600,1116.7,1129.26,1104.54,1121.75,0,0.0
1694358000,1121.75,1128.96,1098.28,1098.74,0,0.0
1694444400,1101.91,1132.23,1096.51,1126.06,0,0.0
1694530800,1126.06,1127.51,1094.1,1094.1,0,0.0
1694617201,1094.1,1125.2,1095.58,1115.47,0,0.0
1694703600,1115.47,1129.64,1095.0,1098.79,0,0.0
1694750400,1098.79,1128.92,1098.42,1099.51,0,0.0
1694876400,1099.51,1127.43,1100.44,1100.44,0,0.0
1694962803,1100.44,1129.4,1098.77,1126.83,0,0.0
1695049200,1126.83,1127.03,1097.16,1097.16,0,0.0
1695135600,1097.16,1127.64,1100.36,1119.14,0,0.0
1695222000,1119.14,1127.25,1101.66,1102.51,153,261962.75
1695308400,1102.51,1127.67,1099.84,1114.34,171,288495.51
1695394800,1114.34,1131.71,1100.69,1105.18,165,357410.65
1695481200,1105.18,1125.68,1100.91,1122.57,199,385403.86
1695567600,1122.57,1127.68,1100.74,1127.68,194,349984.33
1695654000,1127.68,1126.37,1095.97,1107.42,169,332826.66
1695740400,1107.42,1129.67,1103.35,1118.26,147,271373.32
1695826800,1118.26,1127.08,1103.88,1112.7,193,339481.26
1695913200,1112.7,1124.21,1089.04,1089.89,232,521202.12
1695999600,1089.89,1103.87,1069.17,1069.17,254,564552.27
1696086000,1069.17,1085.37,1021.43,1048.38,240,568462.6
1696172400,1048.38,1087.18,1049.63,1080.33,288,689675.11
1696258800,1080.33,1097.54,1074.03,1075.9,234,603819.29
1696345200,1075.9,1091.23,1069.78,1083.56,258,527851.79
1696431600,1083.56,1088.54,1066.87,1081.59,219,435712.02
1696518001,1081.59,1082.73,1058.65,1058.65,250,540268.4
1696604400,1058.65,1072.54,1052.15,1057.79,286,806707.07
1696690801,1057.79,1076.56,1056.47,1063.29,263,604222.67
1696777201,1063.29,1085.78,1063.6,1070.2,332,830005.03
1696863600,1070.2,1085.72,1061.28,1062.39,310,608818.55
1696950000,1062.39,1084.61,1060.66,1076.56,245,643950.01
1697036401,1076.56,1085.97,1064.68,1075.82,278,571446.76
1697122800,1075.82,1087.19,1064.29,1077.06,252,683760.8
1697209200,1077.06,1085.77,1064.78,1081.54,312,748784.87
1697295600,1081.54,1087.82,1065.69,1068.41,293,601088.01
1697382000,1068.41,1089.82,1064.94,1066.01,276,591613.72
1697468401,1066.01,1082.46,1055.79,1055.79,278,519480.87
1697554802,1055.79,1080.02,1046.72,1046.72,286,781937.86
1697641201,1046.72,1072.87,1044.64,1064.38,266,677516.98
1697727600,1064.38,1064.88,1035.69,1035.69,266,666621.3
1697814001,1035.69,1062.04,1024.77,1042.81,256,579945.67
1697900400,1042.81,1048.11,1019.3,1019.3,276,548796.52
1697986801,1019.3,1046.36,1019.7,1031.89,296,556161.4
1698073200,1031.89,1054.0,1021.78,1029.08,264,552017.91
1698159601,1029.08,1046.7,1006.61,1006.61,281,510339.5
1698246000,1006.61,1038.97,996.6,1023.52,296,567276.54
1698332401,1023.52,1019.58,955.36,955.36,264,575082.39
1698418800,955.36,974.04,931.9,950.35,254,585167.21
1698505200,950.35,961.54,925.8,931.36,271,641770.12
1698591600,931.36,969.17,929.93,963.01,259,469177.2
1698678000,963.01,980.86,944.54,963.45,256,724291.36
1698764400,963.45,992.67,962.9,979.57,247,573788.99
1698850804,979.57,998.38,968.57,988.18,273,554285.31
1698937200,988.18,998.88,966.91,966.91,217,395532.44
1699023601,966.91,991.99,963.06,990.35,289,636303.76
1699110002,990.35,992.32,962.2,966.87,274,580689.2
1699196403,966.87,993.1,964.19,987.46,264,615574.76
1699282800,987.46,992.55,963.29,963.67,231,633512.88
1699369202,963.67,990.22,960.7,974.37,244,650409.07
1699455600,974.37,986.54,954.73,957.37,229,478017.65
1699542000,957.37,976.32,944.36,944.36,264,637645.19
1699628400,944.36,970.13,936.66,948.79,260,504102.09
1699714800,948.79,959.35,925.59,926.97,250,526570.95
1699801205,926.97,946.95,917.66,936.5,256,467448.94
1699887602,936.5,940.32,908.76,914.1,249,653676.0
1699974000,914.1,923.09,875.08,875.77,236,576544.14
1700060400,875.77,889.1,825.32,825.32,262,737046.14
1700146801,825.32,878.67,833.49,873.91,197,568362.39
1700233202,873.91,882.89,858.61,863.99,201,486956.42
1700319601,863.99,872.87,848.61,863.0,232,498998.15
1700406000,863.0,864.56,850.31,858.56,228,757016.18
1700492400,858.56,861.67,848.0,854.56,228,309402.86
1700578800,854.56,866.31,848.64,860.72,248,616088.77
1700665200,860.72,870.7,854.86,863.74,262,620875.31
1700751600,863.74,872.49,861.37,865.1,231,411671.45
1700838001,865.1,876.44,855.38,859.63,231,321463.42
1700924401,859.63,902.03,863.25,900.95,228,383183.93
1701010800,900.95,908.27,885.36,885.36,210,461397.19
1701097200,885.36,917.58,891.57,917.58,212,399235.83
1701183600,917.58,929.95,906.59,924.3,228,383790.45
1701270001,924.3,940.65,918.08,923.37,233,454440.42
1701356400,923.37,941.01,917.51,935.25,233,670276.91
1701442800,935.25,917.83,909.7,910.82,259,468565.73
1701529200,910.82,913.77,909.88,911.1,275,968721.52
1701615600,911.1,920.22,910.81,920.22,320,518369.57
1701702000,920.22,936.99,924.22,936.99,274,545492.63
1701788400,936.99,945.3,937.68,945.3,283,615491.84
1701874800,945.3,950.22,942.93,943.14,275,597703.75
1701961200,943.14,944.91,940.31,942.11,224,502815.93
1702047600,942.11,943.45,938.45,941.63,270,543354.9
1702134000,941.63,974.72,942.27,943.83,245,542126.94
1702220400,943.83,945.41,938.44,938.44,236,465950.87
1702306800,937.7,938.16,924.15,924.39,230,421928.13
1702393200,924.39,931.2,924.65,929.17,248,520828.4
1702479600,929.17,932.25,928.18,928.18,257,687032.05
1702566000,928.18,929.26,917.11,917.11,265,591881.96
1702652400,917.11,917.98,909.95,911.05,244,535979.86
1702738800,911.05,915.29,911.54,912.88,247,413114.58
1702825200,912.88,914.57,910.84,911.41,260,600395.49
1702911600,911.41,912.63,909.29,910.22,283,518927.54
1702998000,910.22,912.3,907.48,907.76,276,576721.42
1703084400,907.76,907.78,900.66,900.66,301,505914.13
1703170800,900.66,904.27,894.36,904.27,318,605519.28
1703257200,904.27,907.98,901.6,901.6,358,753511.4
1703343600,901.6,901.77,895.74,895.78,361,664273.06
1703430000,895.78,896.36,890.67,890.72,352,594686.05
1703516400,890.72,924.1,886.52,924.1,315,729242.76
1703602800,924.1,890.18,885.42,885.42,283,583491.83
1703689200,885.42,888.44,884.69,885.46,283,621035.31
1703775600,885.46,886.87,883.28,884.34,285,539588.43
1703862000,884.34,889.45,884.48,889.45,333,763721.07
1703948400,889.45,897.38,889.97,897.38,374,712717.52
1704031200,897.38,934.74,872.13,872.13,325,771546.13
1704121200,872.13,918.27,899.25,900.13,367,677508.58
1704207600,900.13,903.08,900.18,901.43,349,812225.33
1704294000,901.43,904.12,900.92,902.36,337,818408.61
1704380400,902.36,905.49,903.02,904.69,365,701653.11
1704466800,904.69,906.89,885.1,904.66,426,887730.78
1704553200,904.66,908.2,905.16,906.24,357,719623.36
1704639600,906.24,910.1,907.54,908.88,400,831036.79
1704726000,908.88,911.53,909.46,911.34,349,702170.22
1704812400,911.34,913.83,911.34,913.16,379,757062.01
1704898800,913.16,915.74,912.26,913.2,409,804871.45
1704985200,913.2,914.27,904.17,904.17,349,642834.12
1705071600,904.17,912.55,909.51,909.51,392,902213.29
1705158000,909.51,911.08,908.25,908.57,368,658334.7
1705244400,908.57,909.74,904.31,904.83,333,656956.31
1705330800,904.83,906.61,904.17,905.95,382,784269.21
1705417200,905.95,908.18,906.17,907.46,375,753014.83
1705503600,907.46,909.63,906.36,906.36,395,921443.29
1705590000,906.36,907.88,905.26,905.93,384,818255.72
1705676400,905.93,906.86,904.89,905.31,492,763420.58
1705762800,905.31,907.3,904.21,904.74,459,800033.07
1705849200,904.74,906.36,904.81,904.95,447,1059244.19
1705935600,904.95,906.46,904.39,905.0,449,853167.31
1706022000,905.0,906.35,903.71,903.9,448,895049.42
1706108400,903.9,905.75,903.02,903.38,410,782284.27
1706194800,903.38,903.98,900.3,900.67,425,599523.15
1706281200,900.67,901.22,897.57,898.08,402,818644.51
1706367600,898.08,901.74,896.09,896.64,476,813451.51
1706454000,896.64,897.73,895.02,895.39,419,731296.81
1706540400,895.39,896.82,894.19,896.12,450,827667.25
1706626800,896.12,897.37,895.18,895.66,394,862317.69
1706713200,895.66,896.91,894.51,895.38,464,960691.2
1706799600,895.38,896.4,893.76,894.44,485,1003444.64
1706886000,894.44,895.55,892.71,892.8,528,1063430.26
1706972400,892.8,894.1,892.12,892.73,516,1031848.3
1707058800,892.73,895.39,892.75,894.66,476,848176.95
1707145200,894.66,897.11,894.91,897.11,538,995937.45
1707231600,897.11,903.04,897.78,903.04,549,1151560.97
1707318000,903.04,911.47,903.54,911.47,933,1776313.52
1707404400,911.47,915.75,911.97,915.66,842,1286938.87
1707490800,915.66,920.74,915.94,920.74,1038,1732826.02
1707577200,920.74,927.04,921.55,927.04,1333,1918156.43
1707663600,927.04,931.0,927.43,929.65,1056,1666250.72
1707750000,929.65,933.25,929.18,930.78,865,1481991.21
1707836400,930.78,934.25,930.62,930.71,851,1304499.54
1707922800,930.71,933.22,929.15,929.6,840,1194081.16
1708009200,929.6,931.59,927.74,929.01,875,1478215.7
1708095600,929.01,931.93,928.68,930.85,850,1430405.78
1708182000,930.85,936.17,931.44,936.17,1073,1712807.59
1708268400,936.17,943.46,936.89,943.46,992,1889656.78
1708354800,943.46,951.7,944.26,951.7,1007,2066519.96
1708441200,951.7,964.88,952.37,964.88,1077,2383041.24
1708527600,964.88,972.94,965.69,969.47,1063,2462787.62
1708614000,969.47,973.66,970.06,972.45,1088,2192815.9
1708700400,972.45,977.29,973.15,975.45,1040,1904497.06
1708786800,975.45,979.28,976.07,978.07,1112,1944368.09
1708873200,978.07,987.51,979.02,981.52,1129,1973916.3
1708959600,981.52,1016.15,982.24,993.35,1238,2193463.23
1709046000,993.35,1012.98,995.16,1012.98,1339,2800781.15
1709132400,1012.98,1020.94,1011.47,1020.94,1498,3519675.77
1709218800,1020.94,1024.05,1011.59,1011.59,1564,3543180.59
1709305200,1011.59,1011.64,999.41,1002.76,1333,2437047.31
1709391600,1002.76,1008.32,1004.01,1008.22,1310,2238703.42
1709478000,1008.22,1011.46,991.16,1008.47,1318,2346316.18
1709564400,1008.47,1009.13,1002.29,1002.69,1306,2389545.65
1709650800,1002.69,1002.82,980.36,980.36,1301,2564538.29
1709737200,980.36,1030.42,975.67,990.43,5637,13968258.25
1709823600,990.43,993.7,990.6,993.68,5471,12956233.51
1709910000,993.68,1002.14,993.48,1002.14,5703,13448593.78
1709996400,1002.14,1008.95,1003.16,1008.33,5761,13215588.25
1710082800,1008.33,1012.07,1008.92,1011.03,5893,14267118.22
1710169200,1011.35,1012.3,1008.75,1009.93,5848,14516853.55
1710255600,1009.93,1011.32,1007.99,1011.32,6001,14444050.18
1710342000,1011.32,1014.57,1011.48,1014.47,6485,18283106.34
1710428400,1014.47,1018.53,1014.06,1018.53,7313,17543381.18
1710514800,1018.53,1028.15,1019.68,1028.15,9042,23481919.44
1710601200,1028.15,1033.98,1029.1,1032.87,8845,21146220.95
1710687600,1032.87,1034.5,1027.95,1030.14,8871,22952954.28
1710774000,1030.14,1030.88,1027.21,1028.22,11765,36132003.4
1710860400,1028.22,1030.09,1026.16,1027.64,11772,36667953.06
1710946800,1027.64,1029.1,1026.26,1027.95,36170,66540744.1
1711033200,1027.95,1029.61,1026.12,1027.89,45283,72035832.44
1711119600,1027.89,1029.67,1024.67,1028.03,46019,74206970.2
1711206000,1028.03,1029.11,1024.91,1024.91,44715,72013896.24
1711292400,1024.91,1025.57,1020.35,1021.6,43994,70718146.29
1711378800,1021.6,1045.55,1018.49,1020.35,44869,70296258.38
1711465200,1020.35,1023.01,1020.42,1022.75,43683,71661107.14
1711551600,1022.75,1024.19,1021.76,1024.07,40351,70076888.03
1711638000,1024.07,1026.82,1023.58,1026.65,43492,74987294.36
1711724400,1026.65,1028.61,1025.67,1027.09,43944,71941261.61
1711810800,1027.09,1029.07,1025.99,1027.84,43318,75201231.99
1711897200,1027.84,1029.48,1025.82,1027.4,46118,75158436.93
1711983600,1027.4,1028.5,1024.46,1026.88,48945,76294984.17
1712070000,1026.88,1029.31,1026.05,1028.38,51912,81198939.25
1712156400,1028.38,1033.53,1028.85,1033.41,48075,76373475.32
1712242800,1033.41,1035.33,1032.44,1033.28,45841,77496298.26
1712329200,1033.28,1035.32,1030.31,1031.75,42946,72455127.01
1712415600,1031.75,1034.55,1031.46,1034.55,49963,82884962.62
1712502000,1034.55,1042.22,1035.06,1042.22,55198,95918806.81
1712588400,1042.22,1049.39,1043.44,1049.39,57026,97130124.01
1712674800,1049.39,1055.14,1049.6,1055.14,52402,88533369.39
1712761200,1055.14,1057.78,1053.69,1055.97,52849,87497460.24
1712847600,1055.97,1056.85,1053.32,1054.57,47831,74993593.44
1712934000,1054.57,1054.8,1050.44,1052.67,46444,77735376.4
1713020400,1052.67,1054.93,1050.66,1053.82,44616,75744630.16
1713106800,1053.82,1054.32,1049.63,1050.45,44199,73705907.5
1713193200,1050.45,1050.56,1042.03,1042.15,47998,78141282.64
1713279600,1042.15,1042.42,1036.08,1036.71,45720,71637525.32
1713366000,1036.71,1038.42,1034.73,1037.16,44438,71782922.91
1713452400,1037.16,1039.94,1037.73,1039.94,45023,73678384.05
1713538800,1039.94,1041.61,1039.32,1041.61,43490,72027309.74
1713625200,1041.61,1044.7,1041.86,1044.7,43147,72782126.03
1713711600,1044.7,1047.36,1045.03,1047.36,42368,72159095.15
1713798000,1047.36,1048.63,1046.79,1048.17,44516,75209120.3
1713884400,1048.17,1050.55,1048.33,1050.55,43814,74715263.57
1713970800,1050.55,1051.66,1049.89,1051.6,42560,74079576.99
1714057200,1051.6,1054.43,1052.01,1054.43,43685,77254087.22
1714143600,1054.43,1057.05,1052.83,1057.05,49943,98938149.85
1714230000,1057.05,1066.55,1057.85,1066.55,47959,92460436.81
1714316400,1066.55,1069.2,1066.81,1068.39,50382,82819584.42
1714402800,1068.39,1069.23,1064.88,1065.17,49236,77053149.06
1714489200,1065.17,1065.09,1059.97,1062.92,45609,74354014.95
1714575600,1062.92,1064.48,1062.42,1063.79,43985,69512770.69
1714662000,1063.79,1064.74,1061.64,1062.5,42638,67546258.01
1714748400,1062.5,1062.58,1056.42,1057.07,41244,64808207.85
1714834800,1057.07,1074.7,1053.22,1053.58,43200,68388385.19
1714921200,1053.58,1056.62,1051.94,1056.62,45563,76587938.2
1715007600,1056.62,1062.02,1057.59,1061.98,52204,92540240.89
1715094000,1061.98,1067.28,1062.72,1067.28,48896,91745229.83
1715180438,1067.28,1067.94,1065.07,1067.94,47506,91257197.16
1715266841,1067.94,1074.99,1068.82,1074.99,48462,97278915.13
1715353238,1074.99,1080.73,1076.13,1080.73,51707,101092110.17
1715439636,1080.73,1091.25,1081.18,1091.25,54327,110620407.23
1715526049,1091.25,1101.97,1092.82,1101.39,51894,109515173.02
1715612438,1101.39,1102.39,1092.56,1093.47,51331,86792262.36
1715698845,1093.47,1094.14,1083.19,1083.79,49031,83252372.77
1715785253,1083.79,1084.61,1081.19,1083.81,46979,83140057.12
1715871655,1083.81,1089.31,1084.54,1089.31,48703,94332562.31
1715958071,1089.31,1091.57,1088.73,1089.74,48045,92482253.8
1716044452,1089.74,1089.72,1082.95,1084.32,43064,77822701.78
1716131012,1084.32,1084.82,1078.64,1078.64,43515,74231364.92
1716217242,1078.64,1078.2,1066.15,1067.38,46484,77703064.65
1716303643,1067.38,1067.61,1056.42,1056.42,43119,67044222.28
1716390047,1056.42,1056.72,1045.16,1050.8,42245,72288061.49
1716479187,1050.8,1052.85,1049.0,1049.17,38368,59221451.9
1716562840,1049.17,1050.05,1036.27,1039.55,58401,142544805.7
1716649250,1039.55,1055.96,1041.07,1055.96,41665,91858488.26
1716735636,1055.96,1062.57,1056.83,1062.42,43708,75483622.34
1716822076,1062.42,1063.84,1060.4,1061.05,42266,73138216.11
1716908463,1061.05,1061.82,1055.23,1055.4,37371,65270411.23
1716994863,1055.4,1055.83,1052.5,1053.08,35801,63034910.43
1717081256,1053.08,1055.0,1051.77,1052.21,39960,68269368.41
1717167606,1052.21,1052.57,1048.46,1048.84,41539,78837215.75
1717254005,1048.84,1049.62,1046.28,1048.14,45181,82155584.89
1717340406,1048.14,1049.39,1046.09,1046.3,37081,72216438.27
1717426978,1046.3,1046.49,1039.86,1039.86,39677,76097497.13
1717513329,1039.86,1039.79,1026.59,1026.59,41253,70550782.66
1717599730,1026.59,1026.99,1013.58,1013.58,38878,63640346.78
1717686142,1013.58,1014.26,1005.58,1008.24,37136,60288468.56
1717772534,1008.24,1009.23,1006.53,1008.75,36188,55692980.37
1717858936,1008.75,1014.46,1009.59,1013.92,38005,58603964.22
1717945339,1013.92,1014.87,1010.91,1010.91,37310,55713222.58
1718031743,1011.16,1011.38,1008.12,1008.87,40756,56524569.39
1718118137,1008.87,1010.18,1008.12,1009.68,42414,61281167.02
1718204531,1009.68,1011.03,1008.91,1011.03,38907,60109491.59
1718290945,1011.03,1015.96,1011.67,1015.96,40399,69461651.84
1718377334,1015.96,1020.29,1016.31,1020.29,38742,66613951.8
1718463742,1020.29,1021.32,1019.63,1020.79,39036,64545116.65
1718550128,1020.79,1021.01,1018.23,1018.33,37166,57991896.45
1718636535,1018.33,1018.71,1015.69,1016.88,39442,58245495.85
1718722937,1016.88,1017.38,1015.33,1017.3,41822,63892732.02
1718809348,1017.3,1017.81,1015.4,1016.05,38480,57089411.55
1718895734,1016.05,1016.51,1014.18,1015.36,39174,58931326.08
1718982140,1015.36,1015.99,1014.13,1015.22,38282,60479142.75
1719068534,1015.22,1015.84,1014.38,1014.95,37793,57479105.29
1719154927,1014.95,1016.29,1015.18,1015.94,37894,61179142.94
1719241342,1015.94,1017.73,1015.64,1017.73,40651,66128038.67
1719327739,1017.73,1020.77,1018.12,1020.77,42126,71839946.16
1719414530,1020.77,1025.74,1021.2,1025.57,45980,80201599.96
1719500546,1025.57,1026.47,1023.35,1024.06,41097,65983177.03
1719587123,1024.06,1024.99,1023.68,1024.51,44423,66323044.44
1719673352,1024.51,1025.57,1024.11,1024.79,40462,62890623.21
1719759746,1024.79,1025.11,1023.44,1024.4,39666,64149530.23
1719846140,1024.4,1025.09,1022.65,1023.37,41888,66512849.09
1719932505,1023.37,1023.65,1020.88,1021.58,41442,64459720.03
1720018943,1021.58,1021.91,1019.3,1019.86,43596,68003471.39
1720105344,1019.86,1020.2,1018.0,1018.59,45257,71137947.93
1720191734,1018.59,1018.81,1015.43,1016.76,47569,68155524.93
1720278147,1016.76,1017.07,1013.77,1013.77,39376,57204325.78
1720364528,1013.77,1013.77,1009.95,1010.05,37302,56249459.24
1720450939,1010.05,1010.09,1004.08,1004.08,39386,57206821.7
1720537336,1004.08,1004.17,997.87,997.87,39204,55358261.07
1720623737,997.87,997.96,993.97,995.61,41133,57945039.59
1720710144,995.61,996.7,995.13,996.7,39955,56476833.35
1720796545,996.7,997.4,996.21,997.05,40841,56839230.5
1720882933,997.05,998.02,997.1,997.96,39041,53938302.47
1720969329,997.96,998.68,997.68,998.41,37420,52756161.91
1721055733,998.41,999.72,997.6,999.72,43859,59422007.14
1721142136,999.72,1001.8,999.02,1001.8,44912,62966584.22
1721228558,1001.8,1003.41,1001.96,1003.41,45451,62287625.92
1721314953,1003.41,1004.66,1003.7,1004.41,45882,66379971.21
1721401331,1004.41,1005.09,1003.84,1004.35,45422,63479036.44
1721487736,1004.35,1004.77,1003.03,1003.42,42786,62167087.97
1721574146,1003.42,1003.75,1002.22,1002.46,40082,60093149.7
1721660536,1002.46,1003.62,1002.41,1003.62,42188,60277346.84
1721746939,1003.62,1005.61,1003.63,1005.61,46344,68881193.5
1721833327,1005.61,1006.83,1005.7,1006.82,44767,66029111.14
1721919738,1006.82,1008.17,1006.72,1008.17,46283,68513250.76
1722006135,1008.17,1012.86,1008.53,1012.86,50045,84427397.24
1722092762,1012.86,1013.83,1012.44,1013.83,45530,73568315.43
1722178937,1013.83,1014.5,1013.57,1014.1,43069,67422454.77
1722265428,1014.1,1014.3,1012.81,1014.14,44040,67240869.93
1722351742,1014.14,1014.9,1013.69,1014.9,43880,68404894.0
1722438137,1014.9,1017.55,1015.22,1017.55,48176,79943225.26
1722524562,1017.55,1018.74,1017.07,1017.71,49317,76913493.41
1722610967,1017.71,1018.31,1016.62,1018.31,46655,76841930.14
1722697330,1018.31,1019.97,1018.77,1019.85,45792,76891069.65
1722783786,1019.85,1020.8,1018.51,1018.98,46137,76071016.68
1722870167,1018.98,1019.24,1015.1,1015.27,46567,72772276.61
1722956542,1015.27,1015.41,1013.25,1014.8,45691,67950041.4
1723042936,1014.8,1015.81,1013.9,1015.24,45129,66502252.97
1723129340,1015.24,1015.56,1013.27,1013.58,48104,68695415.69
1723215753,1013.58,1013.75,1011.62,1012.45,48775,69722547.35
1723302146,1012.45,1013.35,1012.16,1013.35,49286,69127218.08
1723388716,1013.35,1014.88,1013.6,1014.88,48506,71993978.52
1723475182,1014.88,1015.88,1014.83,1015.88,50113,73552621.12
1723561354,1015.88,1017.24,1016.08,1017.11,53299,72884560.62
1723647794,1017.11,1017.97,1016.95,1017.86,50828,71057525.59
1723734202,1017.86,1018.55,1017.18,1018.29,56410,79093719.81
1723820542,1018.29,1019.29,1018.08,1019.25,55401,80140136.48
1723907152,1019.25,1023.44,1019.68,1023.44,58744,92155365.4
1723993346,1023.44,1026.1,1023.84,1026.1,58664,83064290.38
1724079740,1026.1,1027.06,1026.05,1026.99,57907,79213871.25
1724166160,1026.99,1027.77,1026.05,1026.3,57219,74784092.84
1724252576,1026.3,1026.61,1022.5,1022.94,54832,70191072.75
1724338943,1022.94,1023.39,1020.5,1020.74,50637,66149583.86
1724425210,1020.74,1021.31,1019.73,1020.84,53584,71561195.23
1724511600,1020.84,1021.89,1020.88,1021.8,53192,71756988.32
1724598002,1021.8,1022.01,1020.44,1020.86,51345,68299930.7
1724684419,1020.86,1021.07,1019.29,1019.55,52960,67532372.79
1724771157,1019.55,1019.91,1018.19,1019.23,54680,70255665.55
1724857359,1019.23,1020.19,1019.16,1020.19,59476,73006562.8
1724943866,1020.19,1021.23,1020.12,1020.96,62821,77885700.36
1725030140,1020.96,1021.68,1020.48,1021.68,60554,76152836.41
1725116852,1021.68,1022.71,1021.8,1022.71,60447,74848319.47
1725203000,1022.71,1023.97,1022.86,1023.97,63493,80009038.44
1725289343,1023.97,1024.92,1023.97,1024.92,64146,80799291.18
1725375761,1024.92,1026.22,1024.84,1025.04,65027,84449504.19
1725462239,1025.04,1027.53,1026.32,1027.42,66010,84908806.46
1725548742,1027.42,1028.12,1026.35,1026.95,66361,85458117.9
1725634957,1026.95,1027.22,1025.87,1027.03,65664,83718786.8
1725721356,1027.03,1028.14,1027.17,1028.14,65894,80586591.52
1725807752,1028.14,1029.14,1028.02,1028.74,66174,81225148.73
1725894154,1028.79,1029.14,1027.94,1028.48,67682,82448771.82
1725980566,1028.48,1028.8,1027.3,1027.97,70067,80298926.49
1726066958,1027.97,1028.4,1026.83,1026.98,206176,74590082.18
1726153362,1026.98,1027.34,1025.02,1025.42,157771,62092400.05
1726239763,1025.42,1025.73,1024.52,1025.17,111755,53572658.35
1726326162,1025.17,1026.22,1025.13,1025.75,185086,76982534.25
1726412574,1025.75,1026.82,1026.04,1026.74,201758,74055430.7
1726498961,1026.74,1028.41,1027.02,1028.41,222601,77216223.72
1726585358,1028.41,1029.35,1028.18,1029.02,255021,75504081.15
1726671766,1029.02,1029.58,1028.4,1029.06,1142862,80825112.87
1726758176,1029.06,1029.41,1027.79,1028.29,1865679,50913559.86
1726844573,1028.29,1029.06,1028.02,1029.06,1506650,15985708.21
1726931262,1029.06,1030.68,1027.09,1029.88,1667846,17332109.27
1727017390,1029.88,1030.42,1028.57,1028.57,1654400,16256094.26
1727103768,1028.57,1028.91,1026.29,1026.66,1533592,14081475.49
1727190164,1026.66,1027.04,1025.1,1025.58,1358333,14011308.81
1727276562,1025.58,1025.78,1023.48,1023.76,1537666,15478564.39
1727363090,1023.76,1024.03,1020.04,1020.89,1657350,33655390.85
1727450164,1020.89,1021.12,1014.54,1014.74,1529552,32346812.36
1727535847,1014.74,1016.51,1014.73,1016.51,1742333,31324578.09
1727622494,1016.51,1017.28,1015.26,1016.33,1651875,39005136.92
1727708661,1016.33,1017.47,1016.49,1016.49,1595928,32237801.39
1727795056,1016.49,1018.89,1016.94,1018.74,1489680,32675229.49
1727881479,1018.74,1020.48,1019.2,1020.48,1653790,31174959.26
1727967876,1020.48,1020.86,1018.33,1018.82,3115356,54063041.98
1728054251,1018.82,1019.15,1017.21,1017.33,2034595,42236966.43
1728140638,1017.33,1017.66,1015.2,1015.5,1907684,30481924.39
1728227059,1015.5,1015.62,1013.26,1013.99,1667739,29015092.21
1728313469,1013.99,1014.41,1011.14,1011.14,1385745,28091987.33
1728399891,1011.14,1011.51,1006.25,1006.25,1456132,31351564.08
1728486252,1006.25,1006.51,1002.31,1003.3,1428792,33265581.7
1728572690,1003.3,1003.73,1001.34,1003.52,1662400,37513177.06
1728659102,1003.52,1005.03,1000.36,1000.59,1855818,54072160.76
1728745480,1000.59,1004.85,1000.2,1004.73,2214876,54717285.94
1728831667,1004.73,1005.83,1003.96,1005.72,2162843,52839580.86
1728918308,1005.72,1006.29,1004.31,1006.18,1854884,40856255.56
1729004686,1006.18,1006.94,1004.64,1006.94,1793941,48481712.52
1729091096,1006.94,1009.3,1006.64,1009.26,1776567,55668208.76
1729177462,1009.26,1013.51,1009.21,1013.32,2074721,42958174.88
1729263886,1013.32,1013.82,1011.9,1013.65,1876485,42698748.95
1729350356,1013.65,1013.68,1011.91,1013.66,2068315,42778630.6
1729436693,1013.66,1013.68,1011.67,1012.65,1946667,75439622.15
1729523099,1012.65,1012.95,1011.18,1012.19,1679138,39139724.27
1729610775,1012.19,1012.2,1009.74,1010.3,1654783,38451581.66
1729697082,1010.3,1010.28,1008.75,1009.63,1725221,38872044.37
1729783357,1009.63,1010.15,1008.38,1009.82,1870506,37313102.35
1729869916,1009.82,1009.79,1007.9,1009.25,1936363,48787550.82
1729955164,1009.25,1009.7,1008.36,1009.63,1826097,39637238.7
1730041852,1009.63,1009.71,1008.7,1009.46,1712164,37589324.79
1730129314,1009.46,1009.5,1008.26,1009.01,1554704,37044663.24
1730217310,1009.01,1009.43,1008.02,1008.52,1532702,36662008.9
1730303710,1008.52,1008.96,1007.88,1008.44,1647805,35885963.31
1730390110,1008.44,1008.65,1006.05,1007.59,1858135,36804279.81
1730476510,1007.59,1010.36,1007.48,1010.36,1799806,41032303.76
1730562910,1010.36,1011.51,1010.32,1011.22,1769875,41413147.17
1730649310,1011.22,1011.93,1010.76,1011.73,1688848,38991683.38
1730735710,1011.73,1012.39,1011.24,1012.39,1619328,36900016.87
1730822110,1012.39,1012.65,1011.18,1011.74,1398517,35778785.28
1730908510,1011.74,1012.03,1009.89,1010.85,1525260,37047537.08
1730994910,1010.85,1011.22,1009.56,1009.82,1639353,43204957.43
1731081310,1009.82,1010.01,1008.12,1008.92,1532516,32011049.14
1731167710,1008.92,1009.63,1008.14,1008.8,1648374,33303252.84
1731254110,1008.8,1009.26,1008.02,1008.51,1629250,33180682.51
1731340510,1008.51,1008.92,1007.36,1007.81,1448957,36363363.22
1731426910,1007.81,1008.56,1007.13,1008.48,1349807,35447425.03
1731513310,1008.48,1009.41,1008.35,1009.16,885563,36521290.17
1731599710,1009.16,1012.46,1009.15,1012.46,2302436,47022828.57
1731686110,1012.46,1015.48,1012.48,1015.48,1674462,44952170.17
1731772510,1015.48,1019.77,1015.5,1019.73,1665554,44542414.01
1731858910,1019.73,1023.05,1019.72,1023.05,1414560,43826659.29
1731945310,1023.05,1024.61,1023.09,1023.95,1738395,51980584.16
1732031710,1023.95,1024.81,1023.57,1024.34,1606427,37211659.0
1732118110,1024.34,1026.13,1024.31,1026.13,1697119,40247781.28
1732204510,1026.13,1028.28,1026.15,1028.28,1900606,33696699.97
1732290910,1028.28,1032.12,1028.32,1032.12,1766441,36181735.71
1732377310,1032.12,1033.39,1031.1,1031.97,1746024,49241530.14
1732463710,1031.97,1032.48,1029.78,1030.07,1647731,37564396.98
1732550110,1030.07,1030.58,1028.48,1028.56,897423,19287643.52
1732636510,1028.56,1028.93,1026.49,1027.18,1903859,38837443.62
1732722910,1027.18,1027.54,1025.78,1026.34,1614700,36824017.73
1732809310,1026.34,1026.72,1022.65,1025.0,2472194,53508043.83
1732895710,1025.0,1025.48,1023.86,1024.38,2082839,43627551.46
1732982110,1024.38,1024.72,1022.75,1023.76,1967075,45673751.02
1733068510,1023.76,1024.1,1022.55,1022.99,1756954,34958800.51
1733154910,1022.99,1023.67,1020.79,1023.26,1512537,34810267.19
1733241310,1023.26,1023.77,1022.51,1023.53,1542441,49570346.45
1733327710,1023.53,1024.02,1022.82,1023.31,1648838,47062007.77
1733414110,1023.31,1023.65,1021.58,1022.13,1771524,49625101.32
1733500510,1022.13,1022.36,1020.62,1021.69,1585796,36318657.2
1733586910,1021.69,1021.95,1020.07,1020.6,1649006,34184622.92
1733673310,1020.6,1020.98,1018.52,1018.94,1736856,34532604.66
1733759710,1018.96,1019.06,1014.52,1014.79,1443425,29703047.32
1733846110,1014.79,1014.9,1010.39,1010.74,1358376,30638630.0
1733932510,1010.74,1011.03,1007.15,1007.18,1584373,38825213.83
1734018910,1007.18,1007.42,1003.77,1004.45,1758227,28410093.0
1734105310,1004.45,1005.35,1003.52,1004.54,1619921,34543893.98
1734191710,1004.54,1005.79,1004.35,1005.55,1757496,40471669.95
1734278110,1005.55,1006.53,1004.74,1005.34,1838959,44318441.05
1734364510,1005.34,1006.7,1005.1,1006.69,1635510,42460975.88
1734450910,1006.69,1009.27,1006.41,1008.37,1552082,43682867.22
1734537310,1008.37,1013.69,1009.29,1013.69,1625785,44922524.98
1734623710,1013.69,1016.9,1013.6,1016.9,1881124,48738404.24
1734710110,1016.9,1019.61,1016.9,1019.61,1876507,47695851.8
1734796510,1019.61,1021.94,1019.62,1021.94,1958739,57735308.86
1734882910,1021.94,1023.7,1021.93,1023.66,1826711,45062056.54
1734969310,1023.66,1024.95,1023.4,1024.62,1725013,42811415.09
1735055710,1024.62,1025.59,1024.25,1025.05,1817799,31094805.74
1735142110,1025.05,1026.04,1024.35,1025.62,1842952,39843365.4
1735228510,1025.62,1026.82,1025.37,1026.4,2148665,46310460.57
1735314910,1026.4,1027.67,1026.06,1027.61,1889908,46020283.3
1735401310,1027.61,1030.3,1027.58,1030.3,1793740,42642242.09
1735487710,1030.3,1033.58,1030.3,1033.58,1840780,37219841.12
1735574110,1033.58,1035.9,1033.46,1035.89,1783275,40674022.04
1735660510,1035.89,1039.46,1035.82,1039.46,1784713,42092723.26
1735746910,1039.46,1043.11,1039.39,1043.1,1761009,50240092.64
1735833310,1043.1,1045.4,1043.21,1044.27,2057529,52750270.58
1735919710,1044.27,1044.73,1042.29,1042.72,1964531,44317046.8
1736006110,1042.72,1043.28,1041.07,1041.71,1892435,44018050.74
1736092510,1041.71,1043.31,1041.34,1042.25,1918015,56041759.37
1736178910,1042.25,1043.4,1037.96,1043.3,1860866,37751397.55
1736265310,1043.3,1044.15,1042.62,1043.63,1771461,34518583.85
1736351710,1043.63,1044.49,1042.9,1043.78,1871345,41754309.04
1736438110,1043.78,1044.25,1042.15,1042.8,1971550,30403679.66
1736524510,1042.8,1043.31,1041.86,1042.49,1901200,32053982.81
1736610910,1042.49,1043.5,1041.92,1042.94,1997539,32680685.01
1736697310,1042.94,1044.2,1042.69,1043.87,1938799,33014817.68
1736783710,1043.87,1044.62,1043.34,1044.6,1620260,29504255.33
1736870110,1044.6,1046.05,1044.42,1046.05,1563776,28287639.75
1736956510,1046.05,1047.13,1045.86,1046.75,1836195,31585743.68
1737042910,1046.75,1048.86,1046.77,1048.85,1976727,31812005.49
1737129310,1048.85,1051.85,1048.83,1051.85,1862116,30430751.68
1737215710,1051.85,1058.13,1051.94,1058.13,1935987,32754013.06
1737302110,1058.13,1063.36,1058.15,1063.36,1992790,33160739.01
1737388510,1063.36,1065.7,1063.08,1063.52,1684978,30647530.91
1737474910,1063.52,1063.73,1055.2,1055.57,1599806,29405720.03
1737561310,1055.57,1055.61,1052.36,1053.56,1755441,29924429.59
1737647710,1053.56,1055.26,1052.93,1053.48,1993107,29774518.39
1737734110,1053.48,1054.16,1052.37,1053.77,2001685,31481574.58
1737820510,1053.77,1056.93,1053.81,1056.93,2014583,34233073.89
1737906910,1056.93,1059.75,1056.94,1059.75,2056666,32611945.98
1737993310,1059.75,1063.63,1059.64,1063.62,1789962,31821615.81
1738079710,1063.62,1065.96,1063.62,1065.96,1832767,35402451.6
1738166110,1065.96,1068.2,1065.85,1067.84,1937973,35630339.71
1738252510,1067.84,1070.18,1067.84,1070.18,1944323,32620126.68
1738338910,1070.18,1074.04,1070.16,1074.04,1809392,33114665.58
1738425310,1074.04,1076.88,1074.06,1076.84,2182008,38717685.21
1738511710,1076.84,1079.53,1076.88,1079.49,2168636,38748763.95
1738598110,1079.49,1082.6,1079.51,1082.55,1820656,33818611.47
1738684510,1082.55,1086.81,1082.58,1086.81,1891558,34141974.69
1738770910,1086.81,1087.61,1084.89,1085.97,1976809,35696192.96
1738857310,1085.97,1091.64,1085.63,1091.64,2395489,37849110.61
1738943710,1091.64,1104.87,1091.71,1104.87,2132149,38251458.34
1739030110,1104.87,1114.78,1104.88,1114.35,2397537,51776595.82
1739116510,1114.35,1115.95,1105.13,1105.13,2194615,55147130.94
1739202910,1105.13,1106.12,1095.32,1096.12,1903575,50373518.18
1739289310,1096.12,1097.31,1093.73,1094.78,1935273,61233846.32
1739375710,1094.78,1103.48,1094.78,1103.48,1990077,67783249.34
1739462110,1103.48,1110.95,1103.28,1110.95,2268756,62029585.15
1739548510,1110.95,1117.77,1110.94,1117.77,2094956,57852817.56
1739634910,1117.77,1126.62,1117.77,1126.62,2263410,61495365.87
1739721310,1126.62,1138.16,1126.77,1135.29,2245103,64922986.99
1739807710,1135.29,1142.6,1137.82,1138.71,2061002,62682859.49
1739894110,1138.71,1145.72,1138.44,1145.72,1881799,51726884.41
1739980510,1145.72,1152.53,1145.66,1152.53,1993272,67487770.05
1740066910,1152.53,1157.1,1152.54,1156.68,2402664,75266518.13
1740153310,1156.68,1158.6,1155.56,1158.32,2333211,69196351.51
1740239710,1158.32,1159.19,1151.07,1151.07,2481458,76688001.82
1740326110,1151.07,1151.08,1135.61,1136.15,2367739,78333469.71
1740412510,1136.15,1136.6,1121.6,1123.33,1930923,62322388.63
1740498911,1123.33,1137.75,1123.39,1137.75,1984804,59712269.27
1740585310,1137.75,1142.92,1137.46,1142.87,2224061,74425897.65
1740671710,1142.87,1143.78,1140.71,1141.6,2355863,63319016.67
1740758110,1141.6,1142.11,1139.21,1140.65,2164657,63764779.27
1740844510,1140.65,1142.53,1140.28,1142.53,2448046,73614184.07
1740930911,1142.53,1146.51,1142.52,1146.51,2267200,66557308.54
1741017310,1146.51,1154.15,1146.42,1154.15,2048784,77699687.07
1741103710,1154.15,1167.35,1154.13,1167.19,2133279,95917485.71
1741190110,1167.19,1174.05,1167.42,1173.49,2146119,79831269.77
1741276510,1173.49,1174.47,1170.5,1173.91,2382498,80115213.02
1741362910,1173.91,1177.22,1173.85,1177.22,2254335,60540070.03
1741449310,1177.22,1189.17,1176.95,1189.17,2298076,71828671.14
1741535710,1189.17,1205.77,1189.23,1205.77,2139673,57546325.44
1741622110,1205.69,1218.79,1205.69,1218.79,2042823,50505993.88
1741708510,1218.79,1259.98,1218.89,1258.58,1890217,36407680.83
1741794910,1258.58,1261.57,1229.04,1229.04,2123795,114659654.82
1741881310,1229.04,1228.94,1202.63,1223.95,2098163,83928606.48
1741967710,1223.95,1226.81,1222.77,1226.07,2299195,55792893.08
1742054110,1226.07,1233.62,1225.92,1233.62,715281,38583676.63
1742140510,1233.62,1244.43,1233.59,1244.35,3144136,67890066.81
1742226910,1244.35,1245.41,1237.67,1238.08,2001079,53590566.97
1742313310,1238.08,1238.18,1227.86,1230.15,1977469,53882819.39
1742399710,1230.15,1232.09,1216.78,1216.78,1971151,42334199.54
1742486111,1216.78,1216.48,1195.58,1209.64,2038651,43792685.08
1742572510,1209.64,1210.36,1202.86,1203.31,2015170,48862611.89
1742658910,1203.31,1203.58,1192.91,1194.03,2144190,70659606.89
1742745310,1194.03,1201.38,1193.99,1201.3,2172632,59064547.27
1742831710,1201.3,1210.15,1201.23,1210.15,1809278,57177565.13
1742918110,1210.15,1217.65,1210.22,1217.42,1894318,73978231.67
1743004510,1217.42,1218.08,1210.01,1211.0,1900986,58754703.68
1743090910,1211.0,1211.51,1206.71,1207.71,2134399,57823214.23
1743177310,1207.71,1211.71,1206.03,1211.71,2047206,74055637.2
1743263710,1211.71,1213.0,1200.19,1204.55,2089399,72083077.76
1743350110,1204.55,1205.81,1202.58,1205.76,2032463,62510789.33
1743436510,1205.76,1219.29,1205.36,1219.29,1990764,65802997.18
1743522910,1219.29,1235.02,1219.42,1235.01,2693363,91227636.29
1743609310,1235.01,1239.08,1235.19,1237.6,2697058,72227427.19
1743695710,1237.6,1237.96,1231.41,1231.75,2516977,67005172.04
1743782110,1231.75,1233.27,1231.7,1233.27,2224290,63162119.31
1743868510,1233.27,1233.96,1231.11,1231.75,2352371,62969201.53
1743954910,1231.75,1232.49,1228.35,1232.49,2346458,69189694.24
1744041310,1232.49,1240.74,1229.65,1240.62,1984903,69707801.96
1744127710,1240.62,1254.85,1241.17,1253.85,2102293,88161307.0
1744214110,1253.85,1261.09,1253.41,1261.09,2516645,89787026.76
1744300510,1261.09,1287.4,1260.76,1285.93,2707273,99170342.75
1744386910,1285.93,1288.79,1280.56,1282.77,2452956,93986617.54
1744473310,1282.77,1294.23,1282.59,1294.23,2393571,50643417.51
1744559710,1294.23,1332.56,1294.84,1332.56,2253254,56623790.25
1744646110,1332.56,1337.56,1318.42,1322.3,2123539,52651760.61
1744732510,1322.3,1322.79,1287.85,1287.85,2106094,49542226.21
1744818910,1287.85,1296.49,1283.35,1295.99,2265184,50189528.6
1744905310,1295.99,1298.69,1291.08,1298.69,2419928,50316447.29
1744991710,1298.69,1310.46,1298.33,1310.45,2382346,53207881.36
1745078110,1310.45,1310.82,1299.68,1303.78,2358269,49955286.75
1745164510,1303.78,1328.12,1303.75,1325.54,2286545,53677227.41
1745250910,1325.54,1346.93,1325.05,1346.23,2213420,56859084.45
1745337310,1346.23,1358.55,1341.48,1358.55,2082964,51924873.98
1745423710,1358.55,1410.35,1358.76,1394.4,2310946,65429672.02
1745510110,1394.4,1404.0,1380.76,1393.04,2396998,63025242.8
1745596510,1393.04,1398.25,1392.48,1394.08,2331510,50768315.1
1745682910,1394.08,1395.01,1373.05,1373.05,2453279,49890343.46
1745769310,1373.05,1373.61,1345.75,1371.07,2275116,49187978.41
1745855710,1371.07,1400.75,1353.2,1400.75,2043254,49723000.58
1745942110,1400.75,1418.61,1400.98,1412.57,2047066,54684786.92
1746028510,1412.57,1414.76,1394.51,1402.37,2229525,67062057.93
1746114910,1402.37,1449.7,1402.26,1449.7,2568159,100489882.15
1746201310,1449.7,1514.17,1448.96,1505.31,2555235,133590104.99
1746287710,1505.31,1578.28,1505.44,1578.28,2516109,105649053.24
1746374110,1578.28,1721.0,1581.95,1683.01,2606840,189554138.6
1746460510,1683.01,1689.7,1632.66,1683.43,2280398,117033641.93
1746546910,1683.43,1764.84,1684.97,1747.45,2214830,146269599.77
1746633310,1747.45,1746.79,1628.89,1633.41,2276933,117325547.71
1746719710,1633.41,1643.89,1473.93,1492.62,2519452,109561188.62
1746806110,1492.62,1490.55,1260.85,1297.91,2266050,143257965.99
1746892510,1297.91,1352.79,1293.65,1352.11,2284523,92392072.11
1746978910,1352.11,1399.49,1351.93,1373.5,2136482,95749718.03
1747065310,1373.5,1373.0,1312.52,1317.51,1885494,81353855.51
1747151710,1317.51,1325.28,1283.63,1283.63,1968659,80719351.13
1747238110,1283.63,1292.06,1238.67,1238.93,2152173,93657647.11
1747324510,1238.93,1278.02,1238.2,1276.27,2268551,77403001.24
1747410910,1276.27,1320.81,1275.42,1315.34,2156674,82249415.91
1747497310,1315.34,1331.75,1314.65,1330.86,2268588,79186430.28
1747583710,1330.86,1362.16,1330.75,1354.79,2201502,79917956.06
1747670111,1354.79,1374.57,1354.66,1357.28,1946597,73314585.76
1747756510,1357.28,1358.4,1337.76,1338.66,1897175,68841263.74
1747842910,1338.66,1353.75,1336.84,1353.69,2114071,68424158.83
1747929311,1353.69,1375.5,1353.55,1375.5,2249623,75310128.14
1748015710,1375.5,1398.17,1375.6,1398.17,2614928,89626711.9
1748102110,1398.17,1418.74,1396.42,1408.02,2402106,88970507.23
1748188510,1408.02,1409.18,1391.75,1403.88,2208595,74468586.47
1748274910,1403.88,1410.98,1404.24,1406.37,2028486,76094450.83
1748361310,1406.37,1414.76,1403.0,1414.76,2002823,82958256.15
1748447710,1414.76,1446.06,1414.93,1446.06,2046510,78396221.24
1748534110,1446.06,1450.24,1438.05,1438.21,2335885,71718650.41
1748620510,1438.21,1438.34,1419.39,1426.94,2297540,76558859.94
1748706910,1426.94,1433.02,1427.02,1432.1,2323119,72002521.49
1748793310,1432.1,1447.5,1432.04,1447.5,2388037,82667742.7
1748879710,1447.5,1453.02,1442.23,1447.21,2087292,83177572.24
1748966110,1447.21,1448.59,1415.74,1416.99,2025342,87842703.87
1749052510,1416.99,1417.9,1388.14,1409.16,2042897,95336973.2
1749138910,1409.16,1410.81,1400.32,1409.55,2285976,77960904.14
1749225310,1409.55,1428.03,1406.92,1428.03,2072291,81544101.44
1749311710,1428.03,1431.82,1422.47,1423.86,2167065,77649732.98
1749398110,1423.86,1428.7,1423.83,1427.9,2096719,75617433.82
1749484510,1427.98,1433.7,1427.98,1433.42,1930094,86103469.22
1749570910,1433.42,1434.99,1424.12,1424.12,1854409,77206134.84
1749657310,1424.12,1424.91,1412.0,1420.57,2092663,85941990.64
1749743710,1420.57,1426.91,1420.49,1426.81,2167500,76882589.77
1749830110,1426.81,1432.44,1426.75,1432.44,2143568,82612423.77
1749916510,1432.44,1434.32,1425.9,1425.92,2266756,78145269.91
1750002910,1425.92,1425.93,1417.71,1422.17,2080133,71374212.35
1750089310,1422.17,1424.13,1414.46,1414.46,1961238,70167140.98
1750175710,1414.46,1414.72,1395.42,1395.67,1840222,75084650.8
1750262110,1395.67,1406.6,1387.01,1406.45,1959603,77510871.06
1750348510,1406.45,1410.93,1405.92,1410.87,2249655,85533573.93
1750434910,1410.87,1414.42,1407.58,1411.71,2146602,86603709.9
1750521310,1411.71,1413.72,1407.89,1409.02,2154540,83632182.83
1750607710,1409.02,1409.9,1405.6,1406.44,2102110,80389919.28
1750694110,1406.44,1408.46,1404.22,1404.46,2045117,73477497.43
1750780510,1404.46,1411.26,1404.43,1411.26,1910904,84148633.3
1750866910,1411.26,1419.89,1411.29,1419.89,2024366,87646029.29
1750953310,1419.89,1439.63,1419.99,1438.95,2313008,109617281.25
1751039710,1438.95,1438.95,1429.14,1436.61,2378615,92617862.76
1751126110,1436.61,1448.45,1436.69,1448.45,2386761,100232782.82
1751212510,1448.45,1454.91,1448.47,1454.34,2295994,102519327.89
1751298910,1454.34,1459.82,1450.47,1459.82,2255649,92452097.93
1751385310,1459.82,1482.56,1459.79,1482.5,2242618,128591288.56
1751471710,1482.5,1486.36,1477.06,1477.14,2338618,98647087.35
1751558110,1477.14,1479.11,1471.81,1479.11,2493858,92073128.35
1751644510,1479.11,1487.58,1469.21,1483.21,2378426,113647369.69
1751730910,1483.21,1484.89,1476.1,1480.86,2178898,82767695.03
1751817310,1480.86,1482.74,1474.77,1474.79,2163890,82944472.96
1751903710,1474.79,1475.17,1464.63,1472.37,2000286,85135617.36
1751990110,1472.37,1473.57,1468.12,1468.21,2021602,78630472.98
1752076510,1468.21,1468.14,1453.29,1453.29,2229374,81547099.21
1752162910,1453.29,1467.95,1449.44,1467.93,2421849,87977523.91
1752249310,1467.93,1475.44,1467.79,1475.44,2158195,86589557.65
1752335710,1475.44,1484.77,1475.44,1484.77,2443000,97252011.56
1752422110,1484.77,1487.85,1484.82,1487.85,2190900,88948032.82
1752508510,1487.85,1504.29,1488.1,1504.03,2058099,109032222.74
1752594910,1504.03,1508.16,1499.52,1508.15,2130057,99846763.72
1752681310,1508.15,1510.78,1463.85,1463.85,2410199,95369476.69
1752767710,1463.85,1463.45,1389.99,1438.24,2369996,111822096.3
1752854110,1438.24,1444.54,1439.03,1441.17,2224188,82697350.36
1752940510,1441.17,1441.97,1415.52,1415.66,2318160,61097381.45
1753026910,1415.66,1415.86,1377.17,1377.24,2152136,62241895.12
1753113310,1377.24,1378.98,1254.53,1300.56,2011601,103831620.9
1753199710,1300.56,1370.28,1291.96,1370.27,1832361,78352935.78
1753286110,1370.27,1376.95,1353.44,1361.39,1730946,56633057.94
1753372510,1361.39,1380.31,1358.64,1380.31,2181397,59616914.11
1753458910,1380.31,1389.77,1379.35,1389.75,2045118,62033505.08
1753545310,1389.75,1402.51,1389.77,1402.51,2170383,64057005.56
1753631710,1402.51,1405.12,1399.36,1399.36,2076303,60705788.94
1753718110,1399.36,1400.1,1392.78,1399.84,1916572,63073096.92
1753804510,1399.84,1403.43,1395.99,1396.37,2005184,86016184.1
1753890910,1396.37,1396.22,1385.46,1388.18,2242030,69360308.53
1753977310,1388.18,1395.83,1387.7,1395.83,2340866,73105328.11
1754063710,1395.83,1400.06,1395.77,1398.13,2323349,67585178.56
1754150110,1398.13,1398.31,1393.61,1394.03,2222980,64946208.01
1754236510,1394.03,1394.65,1389.59,1390.75,2254486,61639638.8
1754322910,1390.75,1390.99,1379.84,1379.84,2057151,59153841.82
1754409310,1379.84,1379.66,1366.99,1367.48,2001496,62059402.01
1754495710,1367.48,1367.84,1357.72,1358.32,2158689,44746383.63
1754582110,1358.32,1358.33,1352.01,1352.18,2134586,35116772.8
1754668510,1352.18,1352.19,1343.41,1344.55,2056757,34880271.02
1754754910,1344.55,1360.72,1344.6,1360.72,2095135,37060123.45
1754841310,1360.72,1363.09,1357.46,1357.74,1986064,33716036.84
1754927710,1357.74,1357.96,1349.4,1349.54,1858426,45794509.77
1755014110,1349.54,1349.81,1345.01,1345.89,1882657,50684425.34
1755100510,1345.89,1349.09,1341.87,1349.09,2073364,47581379.95
1755186910,1349.09,1355.61,1349.11,1355.59,2060617,43740480.35
1755273310,1355.59,1377.47,1355.58,1377.47,2226643,87020731.76
1755359710,1377.47,1397.01,1377.51,1397.01,2158292,86362447.31
1755446110,1397.01,1398.44,1393.46,1393.61,2136322,65409157.07
1755532510,1393.61,1405.15,1391.36,1404.92,1982887,77799749.87
1755618910,1404.92,1411.84,1404.54,1411.84,1938497,75714772.49
1755705310,1411.84,1417.53,1411.8,1414.76,2353098,78664845.59
1755791710,1414.76,1415.8,1410.3,1413.12,2207541,70972684.43
1755878110,1413.12,1415.7,1411.85,1415.7,2321123,81458745.23
1755964510,1415.7,1417.82,1413.43,1413.8,2421748,79369902.03
1756050910,1413.8,1421.6,1413.67,1421.6,2453973,82843642.95
1756137310,1421.6,1432.99,1421.6,1432.99,2251415,86808205.93
1756223710,1432.99,1455.31,1429.87,1455.15,2164429,102498712.68
1756310110,1455.15,1476.52,1455.18,1476.51,2278967,114699257.05
1756396510,1476.51,1479.64,1470.82,1471.12,2455068,95122398.65
1756482910,1471.12,1487.88,1471.17,1487.86,2321349,100511857.82
1756569310,1487.86,1490.11,1486.05,1486.34,2457763,86516002.24
1756655710,1486.34,1500.43,1486.37,1500.43,2345779,88978485.5
1756742110,1500.43,1512.32,1500.45,1512.32,2180793,114043309.03
1756828510,1512.32,1520.52,1512.38,1520.52,2593680,98692194.53
1756914910,1520.52,1525.53,1520.64,1525.47,2544151,101096436.66
1757001310,1525.47,1542.59,1525.47,1542.16,2578845,125215212.04
1757087710,1542.16,1544.93,1536.15,1539.94,2339686,100229735.12
1757174110,1539.94,1541.37,1530.14,1533.4,2440468,91402297.3
1757260510,1533.4,1554.01,1533.38,1553.98,2438642,105790556.07
1757346910,1554.01,1558.66,1551.89,1551.89,2203908,110775711.58
1757433310,1551.89,1564.23,1539.85,1564.23,2484992,129727462.8
1757519710,1564.23,1570.52,1559.77,1565.41,3264440,122225846.04
1757606110,1565.41,1594.38,1566.08,1594.38,3565676,165840470.32
1757692510,1594.38,1620.46,1594.66,1608.81,3455957,169915567.25
1757778910,1608.81,1609.36,1545.76,1547.96,3353638,120255326.91
1757865310,1547.96,1581.15,1548.72,1579.66,2842171,104661866.45
1757951710,1579.66,1579.45,1523.57,1535.6,2499898,97860798.53
1758038110,1535.6,1558.82,1532.79,1557.92,2392489,97759829.64
1758124510,1557.92,1568.08,1558.19,1568.02,3501573,125581563.43
1758210910,1568.02,1575.96,1564.41,1575.96,3649769,137893806.25
1758297310,1575.96,1590.11,1576.04,1589.9,3214288,116223077.43
1758383710,1589.9,1591.58,1586.6,1589.24,3222709,102829624.76
1758470110,1589.24,1592.77,1569.55,1581.93,3066943,95354604.86
1758556510,1581.93,1581.61,1564.66,1568.52,2883196,87371946.68
1758642910,1568.52,1570.3,1553.96,1555.99,2814737,93139823.33
1758729310,1555.99,1564.17,1555.66,1560.73,3216861,86840038.91
1758815710,1560.73,1562.88,1554.82,1559.19,3399973,87779999.93
1758902110,1559.19,1573.27,1559.28,1572.57,3252217,103205940.83
1758988510,1572.57,1579.69,1572.64,1579.44,3225816,97317124.29
1759074910,1579.44,1582.56,1570.33,1574.67,3224250,105572659.12
1759161310,1574.67,1591.99,1574.83,1586.74,2999436,125571327.18
1759247710,1586.74,1590.31,1579.38,1580.33,3110459,95446454.59
1759334110,1580.33,1582.11,1575.03,1577.03,3282453,89683480.2
1759420510,1577.03,1583.3,1576.99,1581.2,4412598,109314359.36
1759506910,1581.2,1589.14,1581.21,1589.14,3532130,114053972.26
1759593310,1589.14,1599.82,1589.17,1599.82,3480347,128145080.49
1759679710,1599.82,1605.77,1600.1,1602.27,3391007,126913817.63
1759766110,1602.27,1608.09,1602.27,1608.09,3063365,108009094.76
1759852510,1608.09,1621.97,1607.96,1620.91,3166881,134912735.48
1759938910,1620.91,1627.54,1612.64,1619.54,3406741,130807868.4
1760025310,1619.54,1622.11,1606.18,1619.67,3673152,121328279.14
1760111710,1619.67,1621.49,1616.33,1619.62,3654981,121746585.29
1760198110,1619.62,1632.81,1619.67,1632.81,3767449,143903286.08
1760284510,1632.81,1636.31,1626.73,1630.65,3400545,123238446.73
1760370910,1630.65,1648.08,1630.43,1648.08,3174564,146390955.65
1760457310,1648.08,1652.79,1644.44,1647.36,3288697,158520184.49
1760543710,1647.36,1649.0,1636.79,1644.18,3274862,149871653.2
1760630110,1644.18,1672.33,1644.22,1671.22,3459027,151462549.31
1760716510,1671.22,1674.51,1667.53,1672.23,3102077,102655784.67
1760802910,1672.23,1675.4,1655.24,1655.26,3445939,98167387.67
1760889310,1655.26,1662.57,1643.51,1655.49,3044716,87035802.27
1760975710,1655.49,1658.14,1633.43,1636.61,2777467,87613889.74
1761062110,1636.61,1644.03,1608.74,1634.8,2692085,108008993.18
1761148510,1634.8,1662.54,1635.01,1662.54,2784243,97205119.87
1761234910,1662.54,1667.46,849.15,932.24,8236102,489430063.16
1761321310,932.24,932.12,510.35,651.77,6777201,376218786.09
1761407710,651.77,890.04,651.89,890.04,5391520,274737169.18
1761494110,890.04,935.96,871.44,874.18,4262643,195057230.7
1761580510,874.18,934.96,874.43,934.96,3441856,163130373.22
1761666910,934.96,945.3,907.93,908.03,3120572,130757674.53
1761753310,908.03,910.66,861.66,861.8,3097855,119473829.78
1761839710,861.8,987.43,860.68,987.43,3600244,192183458.1
1761926110,987.43,1080.17,987.15,1066.98,3719077,233270099.62
1762012510,1066.98,1162.26,1067.71,1162.26,3769424,218044871.75
1762098910,1162.26,1242.61,1164.48,1204.87,3741368,204016732.36
1762185310,1204.87,1228.42,1192.01,1192.28,3251273,147475690.94
1762271710,1192.28,1195.95,1140.95,1142.96,2980067,134064149.0
1762358110,1142.96,1198.33,1142.96,1198.33,3020647,138566415.19
1762444510,1198.33,1213.8,1198.18,1199.94,3045633,122558721.76
1762530910,1199.94,1226.26,1200.14,1212.64,2839769,130354126.2
1762617310,1212.64,1219.56,1193.81,1200.21,3003592,131206252.34
1762703710,1200.21,1204.79,1168.18,1172.44,2876633,118334143.67
1762790110,1172.44,1181.87,1169.47,1173.98,2508517,111146717.53
1762876510,1173.98,1178.74,1171.03,1178.74,2502046,110488492.28
1762962910,1178.74,1187.58,1179.49,1187.42,2595687,109729188.78
1763049310,1187.42,1202.66,1187.61,1197.26,3590431,127592992.81
1763135710,1197.26,1198.05,1185.28,1185.4,2870367,113996780.79
1763222110,1185.4,1185.51,1175.42,1179.55,2805869,117800532.83
1763308510,1179.55,1192.8,1180.02,1191.3,2684384,117482873.14
1763394910,1191.3,1194.55,1181.82,1183.53,2358401,105200841.22
1763481310,1183.53,1186.37,1175.15,1178.91,2266112,110738606.9
1763567710,1178.91,1188.26,1178.8,1181.82,2328480,105348088.61
1763654110,1181.82,1181.77,1160.78,1163.09,2510991,97254733.83
1763740510,1163.09,1170.38,1163.12,1169.57,2463123,123149463.34
1763826910,1169.57,1181.75,1169.07,1181.75,2632159,126559812.76
1763913310,1181.75,1210.53,1181.82,1210.53,2523099,145101120.21
1763999710,1210.53,1230.23,1210.73,1224.9,2405292,128333678.25
1764086110,1224.9,1236.46,1221.03,1235.21,2267434,131345044.3
1764172510,1235.21,1260.23,1235.82,1260.23,2461901,144091442.97
1764258910,1260.23,1265.72,1258.32,1260.37,2611668,127020400.47
1764345310,1260.37,1285.97,1260.71,1285.97,2601725,144845996.07
1764431710,1285.97,1306.12,1286.25,1303.6,2647012,138936166.93
1764518110,1303.6,1307.4,1275.71,1278.14,2419067,132093412.1
1764604510,1278.14,1308.22,1278.63,1308.22,2251247,154679655.55
1764690910,1308.22,1317.84,1303.24,1317.84,2242657,154782840.38
1764777310,1317.84,1325.89,1317.29,1321.2,2520562,157364484.14
1764863710,1321.2,1324.95,1313.25,1313.25,2477679,145470608.97
1764950110,1313.25,1317.22,1306.78,1309.33,2124535,141672372.75
1765036510,1309.33,1313.9,1302.77,1310.0,2201749,133696668.39
1765121410,1310.0,1322.84,1310.2,1312.74,2123625,127293872.61
